id,address_id,customer_id,full_name_admin_person,email_admin_person,phone_number_admin_person,full_name_tech_person
1,12,34,Moshe Tapley,dgantz0@bing.com,932-387-2748,Drugi Gantz
2,19,1,Helyn Himsworth,twicklen1@purevolume.com,509-358-1114,Tyrone Wicklen
3,35,12,Tawsha Mouatt,vthurber2@cocolog-nifty.com,790-776-8049,Vere Thurber
4,26,29,Yasmeen Iannelli,hbernardo3@hud.gov,105-497-8941,Haleigh Bernardo
5,23,14,Debee Gettins,zwinwood4@usatoday.com,354-616-1433,Zorina Winwood
6,4,22,Maximilian Bampforth,scharville5@altervista.org,289-479-9789,Sibelle Charville
7,34,39,Vivie Grayshan,sbinford6@yolasite.com,634-543-5891,Susanna Binford
8,15,1,Meris Klebes,lgreatbatch7@yahoo.co.jp,992-976-5957,Laureen Greatbatch
9,46,11,Norry Moniker,lthyng8@issuu.com,940-992-3430,Lucina Thyng
10,45,31,Augustine Lissaman,pchasney9@timesonline.co.uk,400-137-6956,Paige Chasney
11,24,38,Darrel Hitchens,mclemptona@amazonaws.com,181-365-3299,Mahmud Clempton
12,3,2,Aleta Davioud,glattyb@vk.com,379-326-9466,Gearalt Latty
13,34,34,Jenny Whereat,malibonec@aboutads.info,259-853-5967,Miran Alibone
14,21,22,Raynard McConnel,lantoschd@forbes.com,181-514-9056,Leeanne Antosch
15,4,50,Germana Randell,ewallsame@marketwatch.com,324-945-8886,Elmore Wallsam
16,18,37,Axel Cale,gstoneyf@istockphoto.com,219-323-3856,Giffer Stoney
17,23,15,Weber Albone,ghrusg@ucsd.edu,352-549-3332,Gabbie Hrus
18,35,28,Georgette Jozwicki,mjerochh@plala.or.jp,342-534-0006,Myriam Jeroch
19,30,3,Carolann Garces,wloftsi@cloudflare.com,216-691-9676,Wyatan Lofts
20,9,23,Smitty Duprey,ttwelvetreej@indiatimes.com,730-970-4573,Ted Twelvetree
21,15,43,Evered Whiff,ltremathickk@dailymail.co.uk,409-763-8166,Leonard Tremathick
22,33,50,Corrinne Ogley,vcordeirol@theguardian.com,103-758-9075,Vanya Cordeiro
23,21,27,Verine Dagnall,dpelerinm@addthis.com,463-291-4958,Dannie Pelerin
24,23,24,Freeland Wroughton,amynettn@1und1.de,775-910-3572,Ardene Mynett
25,25,24,Rakel Nockells,hesbergero@seattletimes.com,709-617-8754,Helenka Esberger
26,9,11,Felicio Claypool,gkrolp@wiley.com,876-264-5913,Gibbie Krol
27,22,34,Debi Couttes,abratchq@hugedomains.com,691-566-8135,Aurie Bratch
28,19,5,Adrian Edbrooke,lrackhamr@intel.com,309-913-2512,Leighton Rackham
29,39,39,Aurore Lucio,snoseworthys@google.ru,294-243-4495,Stephen Noseworthy
30,4,44,Quintin Dunnet,sshillitot@webnode.com,540-352-4496,Sidoney Shillito
31,5,7,Madison Muschette,bboundeu@t-online.de,531-677-1739,Bridie Bounde
32,12,28,Horace Bleas,nolivasv@bandcamp.com,803-717-8591,Noak Olivas
33,34,24,Albina Bratten,zchaddockw@about.com,102-750-9877,Zelda Chaddock
34,16,16,Orv Batchan,weastesx@vinaora.com,375-515-8292,Wang Eastes
35,6,34,Xerxes Jefford,ckoppeny@weibo.com,324-505-1494,Corella Koppen
36,16,21,Cosmo Forbes,ldorwoodz@npr.org,190-803-5390,Lindon Dorwood
37,20,16,Dunc Witcherley,stesauro10@cargocollective.com,486-707-8984,Sydelle Tesauro
38,25,19,Mindy Zywicki,cgodfree11@blog.com,806-859-5250,Colet Godfree
39,39,9,Francois Browning,cdeluze12@state.gov,882-263-9988,Christiano Deluze
40,40,10,Hasty Pavitt,wmum13@xing.com,869-724-6291,Walton Mum
41,13,47,Far Fairfoull,sshergold14@ovh.net,314-110-1318,Sigfrid Shergold
42,22,18,Clemmie Curtin,tburbury15@yahoo.com,588-228-0959,Tilly Burbury
43,14,7,Alaster Slocombe,mmowen16@hubpages.com,546-242-1913,Manda Mowen
44,37,2,Lacie Quinnet,bwarr17@wikia.com,195-858-7742,Birch Warr
45,25,7,Marsiella Baude,dnewey18@liveinternet.ru,222-808-3606,Dinny Newey
46,31,21,Morry Aylwin,hcoan19@delicious.com,404-762-9406,Hayward Coan
47,5,32,Bradly Matthew,ctippett1a@constantcontact.com,392-826-5320,Cob Tippett
48,5,34,Buck Tunmore,gkurt1b@canalblog.com,339-857-6055,Godfrey Kurt
49,11,49,Nester Filipputti,ltrenouth1c@cpanel.net,524-287-0968,Levy Trenouth
50,48,38,Gery Woltering,prookes1d@tinyurl.com,408-748-2738,Peder Rookes
51,8,35,Sheelah Bottrell,bandell1e@creativecommons.org,365-447-7579,Batholomew Andell
52,32,14,Britt Fosher,lmcdunlevy1f@amazonaws.com,548-711-7960,Lucine McDunlevy
53,4,3,Guillaume McOmish,chanscome1g@uiuc.edu,893-103-2413,Caitlin Hanscome
54,7,27,Remus Egel,igall1h@mayoclinic.com,462-897-0244,Indira Gall
55,26,48,Diahann Spanton,qizacenko1i@nsw.gov.au,342-929-2543,Quincy Izacenko
56,44,16,Sholom McIlveen,rde1j@rakuten.co.jp,860-658-1861,Rosalynd De Miranda
57,29,36,Tracie Andriss,dantliff1k@state.tx.us,998-179-3254,Davey Antliff
58,44,9,Kary Khrishtafovich,lwrettum1l@prweb.com,105-964-9403,Lusa Wrettum
59,8,29,Curtice Spall,knoblet1m@huffingtonpost.com,934-422-8901,Karola Noblet
60,29,11,Iver Gairdner,zellice1n@nbcnews.com,663-399-3184,Zorina Ellice
61,20,9,Bunnie Lalevee,ageffe1o@acquirethisname.com,290-569-8984,Amabel Geffe
62,44,9,Lorene Moquin,mshowte1p@dailymotion.com,975-782-0103,Martyn Showte
63,47,44,Pavlov Huckle,ffarlamb1q@mayoclinic.com,784-561-3330,Findley Farlamb
64,15,26,Edie Lidgey,kbrugmann1r@squidoo.com,499-778-7369,Kipp Brugmann
65,16,46,Bayard Saturley,jwaldram1s@g.co,630-196-1057,Joleen Waldram
66,18,12,Lorrie Setterfield,asprull1t@google.ru,297-926-9659,Adan Sprull
67,3,45,Leann Guyer,hhalhead1u@sohu.com,268-374-9133,Haydon Halhead
68,4,41,Bunni Maddison,dgabbett1v@google.pl,439-606-9497,Darcee Gabbett
69,15,5,Pippa Manna,ckienle1w@nyu.edu,545-593-4541,Cullan Kienle
70,20,3,Vinson Diter,dbonefant1x@sciencedaily.com,440-995-6809,Dacey Bonefant
71,46,45,Gratia Redmayne,awelden1y@vkontakte.ru,254-144-2116,Alana Welden
72,40,36,Mikael McDirmid,egiacomo1z@boston.com,851-639-1369,Eada Giacomo
73,19,30,Edi Lindfors,vhaugeh20@bluehost.com,532-491-7914,Vidovik Haugeh
74,37,18,Jewelle Cowely,lstuddal21@ycombinator.com,468-953-4611,Lewie Studdal
75,11,50,Gamaliel Guiot,nlovekin22@prlog.org,795-777-2596,Noland Lovekin
76,46,22,Kris Rugiero,swedgbrow23@zdnet.com,645-780-5001,Stephie Wedgbrow
77,24,37,Lilli Boston,bsterte24@vkontakte.ru,244-301-0786,Burnard Sterte
78,4,8,Rosmunda Scawn,jgustus25@about.me,558-421-5847,Jase Gustus
79,45,8,Emmott Franzettoini,kfarebrother26@timesonline.co.uk,384-872-6626,Kip Farebrother
80,40,34,Marilin Larkin,rmaevela27@rambler.ru,915-969-0614,Rudiger Maevela
81,4,28,Jervis Duddle,tfoulgham28@blogspot.com,803-532-7961,Tyrus Foulgham
82,22,10,Yelena Castanho,djirousek29@buzzfeed.com,484-605-2184,Deeyn Jirousek
83,26,47,Tessy Wildsmith,dambrogetti2a@smh.com.au,144-119-9394,Dreddy Ambrogetti
84,32,23,Ollie Mickleborough,bcundey2b@histats.com,980-300-4794,Barn Cundey
85,33,26,Gert Spalls,gpiddock2c@cyberchimps.com,643-768-7872,Greta Piddock
86,31,4,Robena Braemer,sculleford2d@twitpic.com,987-121-9571,Staci Culleford
87,38,22,Merrily Bozworth,tlong2e@comcast.net,251-757-4011,Tess Long
88,22,38,Burr Wolfe,afateley2f@cargocollective.com,757-571-7165,Alick Fateley
89,26,1,Oates Tomalin,kburley2g@constantcontact.com,305-943-3000,Kathye Burley
90,33,13,Berkeley Wethered,rgave2h@exblog.jp,633-872-7974,Rorke Gave
91,6,5,Nahum Fishwick,vchamp2i@pcworld.com,920-556-0083,Viviene Champ
92,47,42,Antons Yakuntzov,fsimkiss2j@uiuc.edu,182-351-7779,Fanya Simkiss
93,40,3,Leia Gosling,gbrian2k@dmoz.org,912-369-6933,Goldi Brian
94,4,21,Alasteir Tatlowe,edwire2l@fda.gov,322-883-6900,Englebert Dwire
95,47,1,Melisande Conduit,jgruszczak2m@forbes.com,176-577-1919,Jaquelin Gruszczak
96,50,1,Jocelyne Rugge,mshrimptone2n@skype.com,725-284-2382,Melita Shrimptone
97,3,36,Clarie Deniske,sde2o@dedecms.com,159-872-6243,Star De Winton
98,16,37,Skelly Lugard,gmcnicol2p@wikispaces.com,462-915-1052,Gerladina McNicol
99,36,34,Tamqrah MacPake,bchaudret2q@scribd.com,721-380-1680,Bank Chaudret
100,42,8,Reinwald Akess,nokelly2r@unicef.org,311-684-4368,Nellie O'Kelly
101,25,26,Cthrine Matevushev,mburbidge2s@imageshack.us,178-949-9016,Myrlene Burbidge
102,23,49,Allen Albiston,mespadate2t@thetimes.co.uk,803-283-1678,Marillin Espadate
103,30,11,Dimitry Alben,falyoshin2u@rambler.ru,811-811-8603,Fanny Alyoshin
104,12,20,Adore Worsall,sbuckney2v@1688.com,651-660-8638,Sly Buckney
105,35,6,Ashlie Cundey,gserrell2w@google.co.uk,539-228-6845,Gram Serrell
106,49,45,Keen Juorio,mfrancioli2x@tuttocitta.it,746-443-2338,Merwin Francioli
107,18,28,Averil Labet,tpeller2y@artisteer.com,947-962-5564,Theodoric Peller
108,2,40,Osbourne Chaundy,bgilley2z@home.pl,603-373-4747,Boyd Gilley
109,28,25,Pepillo Vibert,hcowoppe30@census.gov,436-450-6395,Haley Cowoppe
110,39,20,Trudy Bugg,psprowles31@jigsy.com,791-289-6277,Prentice Sprowles
111,37,7,Ellette Rochell,bwoodburn32@elegantthemes.com,355-722-3556,Bernie Woodburn
112,39,37,Klarrisa Messier,gnel33@t.co,165-192-1229,Goddart Nel
113,48,40,Martguerita Spellicy,prilton34@freewebs.com,997-233-8361,Pamela Rilton
114,20,26,Kelsey Jerrams,hgiocannoni35@dailymotion.com,918-963-2701,Humberto Giocannoni
115,19,41,Amelia Codrington,pcapehorn36@washington.edu,766-964-2312,Patten Capehorn
116,12,48,Lyda Knight,bhamly37@timesonline.co.uk,376-444-6710,Bernetta Hamly
117,39,21,Feodora Inseal,achable38@feedburner.com,605-722-4598,Alla Chable
118,12,48,Alair Bogart,chamon39@adobe.com,339-987-1606,Chantal Hamon
119,4,13,Lauretta Roocroft,spriel3a@rediff.com,995-315-0113,Slade Priel
120,16,35,Raimund Detoc,ibaltzar3b@un.org,420-489-4413,Imogene Baltzar
121,10,21,Ainsley Rawdall,hquigg3c@blog.com,611-340-9017,Howard Quigg
122,8,24,Chaddy Ivons,fansill3d@gmpg.org,421-406-2317,Fianna Ansill
123,45,17,Bruno Lenglet,roakland3e@intel.com,931-370-3068,Remington Oakland
124,14,32,Roana Shipp,tmorcomb3f@google.ru,976-369-0961,Tedie Morcomb
125,8,17,Vladamir Dumphrey,ywillingham3g@flickr.com,873-259-2010,Yorker Willingham
126,19,15,Blinni Looks,cstrongman3h@typepad.com,346-489-4241,Carolin Strongman
127,41,32,Amble Gemson,ericcio3i@cmu.edu,394-115-9876,Enrico Riccio
128,44,30,Ashley Samter,mmitham3j@dailymail.co.uk,314-512-9689,Minny Mitham
129,16,36,Elyse Dukesbury,tfarragher3k@exblog.jp,144-637-1014,Thibaut Farragher
130,25,34,Gabbie Tivolier,lvannacci3l@ihg.com,423-708-2257,Laurene Vannacci
131,8,17,Talia Scotland,messam3m@yelp.com,863-546-4036,Margi Essam
132,9,17,Devland Eymor,alambswood3n@prweb.com,751-799-4852,Amata Lambswood
133,23,10,Grantham Sauvan,mminards3o@mediafire.com,621-859-4808,Mela Minards
134,6,25,Theressa Liddy,lpatemore3p@ted.com,763-303-1303,Link Patemore
135,4,41,Judas Jepson,mbunyan3q@networkadvertising.org,762-572-4432,Maximilian Bunyan
136,9,43,Aarika Roser,tordish3r@liveinternet.ru,257-697-1631,Tobey Ordish
137,37,22,Lori Vigers,edomingues3s@wix.com,329-609-4622,Erasmus Domingues
138,8,9,Teresina Gossan,npinch3t@stumbleupon.com,182-406-6854,Nancie Pinch
139,22,4,Lisle Ducrow,bclapison3u@bravesites.com,968-870-1047,Burch Clapison
140,23,46,Riobard Dicke,tnuscha3v@google.pl,733-212-3693,Trista Nuscha
141,33,17,Welbie Tatem,fsitch3w@businessinsider.com,764-161-3477,Flo Sitch
142,22,26,Jerald Goodship,hmeindl3x@foxnews.com,168-674-1422,Horten Meindl
143,37,2,Emilie Clines,tmacalees3y@oaic.gov.au,741-609-0391,Tyrone MacAlees
144,50,3,Kailey Twidle,bciciari3z@cdc.gov,824-451-9939,Barny Ciciari
145,37,40,Perle Fairhead,smatzl40@unblog.fr,649-857-1360,Shurlocke Matzl
146,26,13,Ferd Risbie,jhoutby41@indiatimes.com,695-182-2017,Justine Houtby
147,5,46,Francene Labb,emeineck42@xinhuanet.com,491-525-1984,Erek Meineck
148,34,32,Sean Beekmann,cbleesing43@who.int,771-711-8701,Cally Bleesing
149,27,50,Dorette Iacovone,kriddoch44@accuweather.com,878-581-5592,Krisha Riddoch
150,25,40,Jenni Woollons,scicculi45@oaic.gov.au,607-355-8763,Shalna Cicculi
151,48,39,Kaia Denidge,aalvy46@cpanel.net,907-800-6423,Alphonse Alvy
152,37,38,Yoko Heibl,mpedrick47@mtv.com,144-199-4470,Mathilde Pedrick
153,34,28,Howie Conelly,smacclure48@phoca.cz,153-860-1043,Sheila MacClure
154,31,48,Blake Petrushka,oconnolly49@usgs.gov,415-441-8540,Odo Connolly
155,47,1,Alonso Hambric,ncurrie4a@unblog.fr,658-978-5388,Nelli Currie
156,27,49,Ulises Plan,fburgill4b@plala.or.jp,993-798-4973,Freddy Burgill
157,35,46,Codie Jahnisch,hmcgeachy4c@un.org,469-174-8956,Homere McGeachy
158,35,9,Haydon Josiah,rblowing4d@usnews.com,381-312-7093,Royal Blowing
159,32,11,Simon Bunning,mbelham4e@opensource.org,284-443-9875,Mord Belham
160,31,46,Lura Lyle,mmichurin4f@youtube.com,391-779-9879,Mile Michurin
161,34,28,Delila Grogor,zmcleoid4g@imageshack.us,472-893-7349,Zorina McLeoid
162,48,44,Gabi Rydzynski,balphege4h@cyberchimps.com,988-997-4703,Barnebas Alphege
163,7,16,Robyn Lacey,gpavlasek4i@toplist.cz,845-226-4232,Gunilla Pavlasek
164,15,13,Darda Igoe,mredpath4j@ehow.com,213-260-0171,Maison Redpath
165,15,5,Kristopher Fearenside,twandtke4k@nymag.com,656-710-7281,Travis Wandtke
166,34,37,Sidonnie Stobo,nzannolli4l@webnode.com,624-361-6485,Neils Zannolli
167,44,46,Cecilia Goward,kcorde4m@cbslocal.com,830-440-4241,Kitti Corde
168,39,8,Jabez Stevings,cmargetson4n@intel.com,373-886-5041,Cherin Margetson
169,45,44,Sly Bennitt,hbullough4o@wikimedia.org,687-592-4776,Horatia Bullough
170,18,37,Sheila-kathryn Panter,nbamborough4p@nih.gov,521-898-3044,Nataline Bamborough
171,39,39,Linda McCobb,asaunders4q@odnoklassniki.ru,146-983-0775,Aurilia Saunders
172,35,26,Fedora Tern,zcatley4r@wufoo.com,843-789-8570,Zorah Catley
173,46,29,Blakelee Flieg,kmacconaghy4s@alexa.com,562-726-6273,Karylin Macconaghy
174,13,29,Kingsly Erik,smaddra4t@blinklist.com,254-599-1258,Syman Maddra
175,31,13,Editha Lumbly,gpomfret4u@spotify.com,435-506-4622,Goraud Pomfret
176,13,32,Byrann Brownrigg,mrowden4v@wikia.com,165-282-5096,Melisenda Rowden
177,36,25,Aarika Greensted,rbrennan4w@zdnet.com,466-354-1054,Rose Brennan
178,1,38,Jenny Turrell,jle4x@issuu.com,714-136-7817,Janey Le Galle
179,4,3,Sidney Telford,rboult4y@youku.com,762-542-2721,Richardo Boult
180,37,29,Paton Dubble,bfurmonger4z@zdnet.com,433-243-2305,Burg Furmonger
181,35,18,Jasper McIlvoray,dculleford50@ehow.com,469-126-0763,Daryl Culleford
182,15,21,Roselia Hallgalley,jgolightly51@usgs.gov,348-850-7063,Johan Golightly
183,42,7,Fan Ashwood,mdriver52@nbcnews.com,826-274-0727,Merwyn Driver
184,21,16,Laurel Grog,ipyne53@vk.com,791-309-8825,Iona Pyne
185,23,44,Willow MacNeillie,gscriviner54@t-online.de,822-828-9583,Godwin Scriviner
186,19,34,Siusan Galego,jaggio55@hud.gov,111-747-0821,Jaimie Aggio
187,49,44,Ursula McGirr,hlemin56@accuweather.com,619-838-1664,Hadleigh Lemin
188,20,25,Elden D'Oyley,sliversley57@admin.ch,578-850-0262,Saudra Liversley
189,33,6,Carey Gleder,blosel58@nasa.gov,355-701-0255,Buckie Losel
190,5,21,Hughie McGorley,cdrohun59@joomla.org,784-321-0269,Cly Drohun
191,48,10,Selie Klasen,hfilipczynski5a@dion.ne.jp,796-589-0072,Harv Filipczynski
192,7,43,Lilla Cusiter,creggler5b@microsoft.com,216-296-0910,Carce Reggler
193,36,24,Nanine McPike,djersh5c@java.com,753-758-5330,Dix Jersh
194,18,19,Perri Pitherick,bdarwent5d@unc.edu,673-198-9296,Braden Darwent
195,42,28,Daren Pallister,rhagley5e@dedecms.com,232-221-9578,Raeann Hagley
196,30,9,Matty Gozzard,mpatters5f@netvibes.com,642-272-3906,Melisenda Patters
197,32,27,Jourdain Records,bkneebone5g@usnews.com,781-629-3620,Brig Kneebone
198,8,9,Flossi Melato,mdami5h@wikimedia.org,465-480-1391,Miller Dami
199,19,50,Hilary Kleinplatz,twhaley5i@elegantthemes.com,850-894-1435,Trevor Whaley
200,28,15,Karena McGroarty,bforsyde5j@nbcnews.com,620-843-0208,Bathsheba Forsyde
